{
    "RMSE": 5.609091998227676,
    "MAE": 4.061263698966375,
    "R2_Score": 0.8386252209697589
}